experiment,algorithm,nodes,param,keyset,metric,value
A,ring,10,1,user,cv,0.766404
A,ring,10,1,user,cv_noise_floor,0.003162
A,ring,10,1,user,cv_over_floor,242.358314
A,ring,10,1,user,peak_over_mean,2.636500
A,ring,10,1,user,min_over_mean,0.105410
A,ring,10,1,uuid,cv,0.763207
A,ring,10,1,uuid,cv_noise_floor,0.003162
A,ring,10,1,uuid,cv_over_floor,241.347336
A,ring,10,1,uuid,peak_over_mean,2.622970
A,ring,10,1,uuid,min_over_mean,0.104390
A,ring,10,10,user,cv,0.291669
A,ring,10,10,user,cv_noise_floor,0.003162
A,ring,10,10,user,cv_over_floor,92.233859
A,ring,10,10,user,peak_over_mean,1.599380
A,ring,10,10,user,min_over_mean,0.605830
A,ring,10,10,uuid,cv,0.292518
A,ring,10,10,uuid,cv_noise_floor,0.003162
A,ring,10,10,uuid,cv_over_floor,92.502194
A,ring,10,10,uuid,peak_over_mean,1.604260
A,ring,10,10,uuid,min_over_mean,0.608400
A,ring,10,100,user,cv,0.051646
A,ring,10,100,user,cv_noise_floor,0.003162
A,ring,10,100,user,cv_over_floor,16.331836
A,ring,10,100,user,peak_over_mean,1.058230
A,ring,10,100,user,min_over_mean,0.903850
A,ring,10,100,uuid,cv,0.050664
A,ring,10,100,uuid,cv_noise_floor,0.003162
A,ring,10,100,uuid,cv_over_floor,16.021495
A,ring,10,100,uuid,peak_over_mean,1.053670
A,ring,10,100,uuid,min_over_mean,0.901450
A,ring,10,160,user,cv,0.058010
A,ring,10,160,user,cv_noise_floor,0.003162
A,ring,10,160,user,cv_over_floor,18.344342
A,ring,10,160,user,peak_over_mean,1.073740
A,ring,10,160,user,min_over_mean,0.902170
A,ring,10,160,uuid,cv,0.058456
A,ring,10,160,uuid,cv_noise_floor,0.003162
A,ring,10,160,uuid,cv_over_floor,18.485366
A,ring,10,160,uuid,peak_over_mean,1.070700
A,ring,10,160,uuid,min_over_mean,0.898000
A,ring,10,1000,user,cv,0.029969
A,ring,10,1000,user,cv_noise_floor,0.003162
A,ring,10,1000,user,cv_over_floor,9.477043
A,ring,10,1000,user,peak_over_mean,1.044470
A,ring,10,1000,user,min_over_mean,0.945120
A,ring,10,1000,uuid,cv,0.030669
A,ring,10,1000,uuid,cv_noise_floor,0.003162
A,ring,10,1000,uuid,cv_over_floor,9.698317
A,ring,10,1000,uuid,peak_over_mean,1.043140
A,ring,10,1000,uuid,min_over_mean,0.937450
A,ring_ketama,10,160,user,cv,0.069221
A,ring_ketama,10,160,user,cv_noise_floor,0.003162
A,ring_ketama,10,160,user,cv_over_floor,21.889639
A,ring_ketama,10,160,user,peak_over_mean,1.131190
A,ring_ketama,10,160,user,min_over_mean,0.877270
A,ring_ketama,10,160,uuid,cv,0.068056
A,ring_ketama,10,160,uuid,cv_noise_floor,0.003162
A,ring_ketama,10,160,uuid,cv_over_floor,21.521275
A,ring_ketama,10,160,uuid,peak_over_mean,1.126580
A,ring_ketama,10,160,uuid,min_over_mean,0.875160
A,hrw,10,0,user,cv,0.004049
A,hrw,10,0,user,cv_noise_floor,0.003162
A,hrw,10,0,user,cv_over_floor,1.280372
A,hrw,10,0,user,peak_over_mean,1.008090
A,hrw,10,0,user,min_over_mean,0.991300
A,hrw,10,0,uuid,cv,0.002574
A,hrw,10,0,uuid,cv_noise_floor,0.003162
A,hrw,10,0,uuid,cv_over_floor,0.814118
A,hrw,10,0,uuid,peak_over_mean,1.004140
A,hrw,10,0,uuid,min_over_mean,0.996130
A,jump,10,0,user,cv,0.004052
A,jump,10,0,user,cv_noise_floor,0.003162
A,jump,10,0,user,cv_over_floor,1.281409
A,jump,10,0,user,peak_over_mean,1.007550
A,jump,10,0,user,min_over_mean,0.994630
A,jump,10,0,uuid,cv,0.002612
A,jump,10,0,uuid,cv_noise_floor,0.003162
A,jump,10,0,uuid,cv_over_floor,0.826084
A,jump,10,0,uuid,peak_over_mean,1.003010
A,jump,10,0,uuid,min_over_mean,0.994760
A,maglev,10,65537,user,cv,0.001643
A,maglev,10,65537,user,cv_noise_floor,0.003162
A,maglev,10,65537,user,cv_over_floor,0.519581
A,maglev,10,65537,user,peak_over_mean,1.003940
A,maglev,10,65537,user,min_over_mean,0.997280
A,maglev,10,65537,uuid,cv,0.002626
A,maglev,10,65537,uuid,cv_noise_floor,0.003162
A,maglev,10,65537,uuid,cv_over_floor,0.830311
A,maglev,10,65537,uuid,peak_over_mean,1.003650
A,maglev,10,65537,uuid,min_over_mean,0.995420
A,maglev,10,655373,user,cv,0.003315
A,maglev,10,655373,user,cv_noise_floor,0.003162
A,maglev,10,655373,user,cv_over_floor,1.048362
A,maglev,10,655373,user,peak_over_mean,1.004890
A,maglev,10,655373,user,min_over_mean,0.995300
A,maglev,10,655373,uuid,cv,0.002238
A,maglev,10,655373,uuid,cv_noise_floor,0.003162
A,maglev,10,655373,uuid,cv_over_floor,0.707785
A,maglev,10,655373,uuid,peak_over_mean,1.003120
A,maglev,10,655373,uuid,min_over_mean,0.996500
A,slot_table,10,1024,user,cv,0.004047
A,slot_table,10,1024,user,cv_noise_floor,0.003162
A,slot_table,10,1024,user,cv_over_floor,1.279672
A,slot_table,10,1024,user,peak_over_mean,1.005310
A,slot_table,10,1024,user,min_over_mean,0.994410
A,slot_table,10,1024,uuid,cv,0.005952
A,slot_table,10,1024,uuid,cv_noise_floor,0.003162
A,slot_table,10,1024,uuid,cv_over_floor,1.882124
A,slot_table,10,1024,uuid,peak_over_mean,1.010300
A,slot_table,10,1024,uuid,min_over_mean,0.992690
A,ring,100,1,user,cv,1.101885
A,ring,100,1,user,cv_noise_floor,0.010000
A,ring,100,1,user,cv_over_floor,110.188549
A,ring,100,1,user,peak_over_mean,7.473900
A,ring,100,1,user,min_over_mean,0.008400
A,ring,100,1,uuid,cv,1.100586
A,ring,100,1,uuid,cv_noise_floor,0.010000
A,ring,100,1,uuid,cv_over_floor,110.058625
A,ring,100,1,uuid,peak_over_mean,7.452200
A,ring,100,1,uuid,min_over_mean,0.007400
A,ring,100,10,user,cv,0.284421
A,ring,100,10,user,cv_noise_floor,0.010000
A,ring,100,10,user,cv_over_floor,28.442102
A,ring,100,10,user,peak_over_mean,1.920800
A,ring,100,10,user,min_over_mean,0.388900
A,ring,100,10,uuid,cv,0.285363
A,ring,100,10,uuid,cv_noise_floor,0.010000
A,ring,100,10,uuid,cv_over_floor,28.536256
A,ring,100,10,uuid,peak_over_mean,1.936400
A,ring,100,10,uuid,min_over_mean,0.383800
A,ring,100,100,user,cv,0.105312
A,ring,100,100,user,cv_noise_floor,0.010000
A,ring,100,100,user,cv_over_floor,10.531188
A,ring,100,100,user,peak_over_mean,1.291200
A,ring,100,100,user,min_over_mean,0.777400
A,ring,100,100,uuid,cv,0.106054
A,ring,100,100,uuid,cv_noise_floor,0.010000
A,ring,100,100,uuid,cv_over_floor,10.605431
A,ring,100,100,uuid,peak_over_mean,1.287900
A,ring,100,100,uuid,min_over_mean,0.778400
A,ring,100,160,user,cv,0.082794
A,ring,100,160,user,cv_noise_floor,0.010000
A,ring,100,160,user,cv_over_floor,8.279417
A,ring,100,160,user,peak_over_mean,1.207600
A,ring,100,160,user,min_over_mean,0.777100
A,ring,100,160,uuid,cv,0.083571
A,ring,100,160,uuid,cv_noise_floor,0.010000
A,ring,100,160,uuid,cv_over_floor,8.357149
A,ring,100,160,uuid,peak_over_mean,1.204700
A,ring,100,160,uuid,min_over_mean,0.749200
A,ring,100,1000,user,cv,0.032226
A,ring,100,1000,user,cv_noise_floor,0.010000
A,ring,100,1000,user,cv_over_floor,3.222562
A,ring,100,1000,user,peak_over_mean,1.080900
A,ring,100,1000,user,min_over_mean,0.931500
A,ring,100,1000,uuid,cv,0.032612
A,ring,100,1000,uuid,cv_noise_floor,0.010000
A,ring,100,1000,uuid,cv_over_floor,3.261246
A,ring,100,1000,uuid,peak_over_mean,1.080700
A,ring,100,1000,uuid,min_over_mean,0.935300
A,ring_ketama,100,160,user,cv,0.078583
A,ring_ketama,100,160,user,cv_noise_floor,0.010000
A,ring_ketama,100,160,user,cv_over_floor,7.858315
A,ring_ketama,100,160,user,peak_over_mean,1.253300
A,ring_ketama,100,160,user,min_over_mean,0.811200
A,ring_ketama,100,160,uuid,cv,0.078281
A,ring_ketama,100,160,uuid,cv_noise_floor,0.010000
A,ring_ketama,100,160,uuid,cv_over_floor,7.828083
A,ring_ketama,100,160,uuid,peak_over_mean,1.224500
A,ring_ketama,100,160,uuid,min_over_mean,0.815700
A,hrw,100,0,user,cv,0.010860
A,hrw,100,0,user,cv_noise_floor,0.010000
A,hrw,100,0,user,cv_over_floor,1.086041
A,hrw,100,0,user,peak_over_mean,1.023300
A,hrw,100,0,user,min_over_mean,0.964600
A,hrw,100,0,uuid,cv,0.010307
A,hrw,100,0,uuid,cv_noise_floor,0.010000
A,hrw,100,0,uuid,cv_over_floor,1.030668
A,hrw,100,0,uuid,peak_over_mean,1.022000
A,hrw,100,0,uuid,min_over_mean,0.977400
A,jump,100,0,user,cv,0.008718
A,jump,100,0,user,cv_noise_floor,0.010000
A,jump,100,0,user,cv_over_floor,0.871834
A,jump,100,0,user,peak_over_mean,1.019400
A,jump,100,0,user,min_over_mean,0.973000
A,jump,100,0,uuid,cv,0.009460
A,jump,100,0,uuid,cv_noise_floor,0.010000
A,jump,100,0,uuid,cv_over_floor,0.945985
A,jump,100,0,uuid,peak_over_mean,1.023400
A,jump,100,0,uuid,min_over_mean,0.969600
A,maglev,100,65537,user,cv,0.009317
A,maglev,100,65537,user,cv_noise_floor,0.010000
A,maglev,100,65537,user,cv_over_floor,0.931715
A,maglev,100,65537,user,peak_over_mean,1.025700
A,maglev,100,65537,user,min_over_mean,0.981600
A,maglev,100,65537,uuid,cv,0.010655
A,maglev,100,65537,uuid,cv_noise_floor,0.010000
A,maglev,100,65537,uuid,cv_over_floor,1.065533
A,maglev,100,65537,uuid,peak_over_mean,1.035000
A,maglev,100,65537,uuid,min_over_mean,0.974300
A,maglev,100,655373,user,cv,0.010453
A,maglev,100,655373,user,cv_noise_floor,0.010000
A,maglev,100,655373,user,cv_over_floor,1.045303
A,maglev,100,655373,user,peak_over_mean,1.025900
A,maglev,100,655373,user,min_over_mean,0.978100
A,maglev,100,655373,uuid,cv,0.009293
A,maglev,100,655373,uuid,cv_noise_floor,0.010000
A,maglev,100,655373,uuid,cv_over_floor,0.929307
A,maglev,100,655373,uuid,peak_over_mean,1.024900
A,maglev,100,655373,uuid,min_over_mean,0.970900
A,slot_table,100,1024,user,cv,0.044448
A,slot_table,100,1024,user,cv_noise_floor,0.010000
A,slot_table,100,1024,user,cv_over_floor,4.444841
A,slot_table,100,1024,user,peak_over_mean,1.101300
A,slot_table,100,1024,user,min_over_mean,0.951100
A,slot_table,100,1024,uuid,cv,0.042965
A,slot_table,100,1024,uuid,cv_noise_floor,0.010000
A,slot_table,100,1024,uuid,cv_over_floor,4.296469
A,slot_table,100,1024,uuid,peak_over_mean,1.096200
A,slot_table,100,1024,uuid,min_over_mean,0.959600
A,ring,1000,1,user,cv,0.995277
A,ring,1000,1,user,cv_noise_floor,0.031623
A,ring,1000,1,user,cv_over_floor,31.473408
A,ring,1000,1,user,peak_over_mean,6.686000
A,ring,1000,1,user,min_over_mean,0.000000
A,ring,1000,1,uuid,cv,0.996213
A,ring,1000,1,uuid,cv_noise_floor,0.031623
A,ring,1000,1,uuid,cv_over_floor,31.503028
A,ring,1000,1,uuid,peak_over_mean,6.739000
A,ring,1000,1,uuid,min_over_mean,0.001000
A,ring,1000,10,user,cv,0.324478
A,ring,1000,10,user,cv_noise_floor,0.031623
A,ring,1000,10,user,cv_over_floor,10.260897
A,ring,1000,10,user,peak_over_mean,2.414000
A,ring,1000,10,user,min_over_mean,0.334000
A,ring,1000,10,uuid,cv,0.324709
A,ring,1000,10,uuid,cv_noise_floor,0.031623
A,ring,1000,10,uuid,cv_over_floor,10.268205
A,ring,1000,10,uuid,peak_over_mean,2.331000
A,ring,1000,10,uuid,min_over_mean,0.317000
A,ring,1000,100,user,cv,0.107737
A,ring,1000,100,user,cv_noise_floor,0.031623
A,ring,1000,100,user,cv_over_floor,3.406947
A,ring,1000,100,user,peak_over_mean,1.451000
A,ring,1000,100,user,min_over_mean,0.720000
A,ring,1000,100,uuid,cv,0.107275
A,ring,1000,100,uuid,cv_noise_floor,0.031623
A,ring,1000,100,uuid,cv_over_floor,3.392343
A,ring,1000,100,uuid,peak_over_mean,1.451000
A,ring,1000,100,uuid,min_over_mean,0.700000
A,ring,1000,160,user,cv,0.082355
A,ring,1000,160,user,cv_noise_floor,0.031623
A,ring,1000,160,user,cv_over_floor,2.604300
A,ring,1000,160,user,peak_over_mean,1.247000
A,ring,1000,160,user,min_over_mean,0.758000
A,ring,1000,160,uuid,cv,0.082631
A,ring,1000,160,uuid,cv_noise_floor,0.031623
A,ring,1000,160,uuid,cv_over_floor,2.613012
A,ring,1000,160,uuid,peak_over_mean,1.279000
A,ring,1000,160,uuid,min_over_mean,0.745000
A,ring,1000,1000,user,cv,0.044834
A,ring,1000,1000,user,cv_noise_floor,0.031623
A,ring,1000,1000,user,cv_over_floor,1.417777
A,ring,1000,1000,user,peak_over_mean,1.136000
A,ring,1000,1000,user,min_over_mean,0.855000
A,ring,1000,1000,uuid,cv,0.043961
A,ring,1000,1000,uuid,cv_noise_floor,0.031623
A,ring,1000,1000,uuid,cv_over_floor,1.390170
A,ring,1000,1000,uuid,peak_over_mean,1.151000
A,ring,1000,1000,uuid,min_over_mean,0.869000
A,ring_ketama,1000,160,user,cv,0.090594
A,ring_ketama,1000,160,user,cv_noise_floor,0.031623
A,ring_ketama,1000,160,user,cv_over_floor,2.864830
A,ring_ketama,1000,160,user,peak_over_mean,1.325000
A,ring_ketama,1000,160,user,min_over_mean,0.729000
A,ring_ketama,1000,160,uuid,cv,0.087642
A,ring_ketama,1000,160,uuid,cv_noise_floor,0.031623
A,ring_ketama,1000,160,uuid,cv_over_floor,2.771483
A,ring_ketama,1000,160,uuid,peak_over_mean,1.355000
A,ring_ketama,1000,160,uuid,min_over_mean,0.749000
A,hrw,1000,0,user,cv,0.031736
A,hrw,1000,0,user,cv_noise_floor,0.031623
A,hrw,1000,0,user,cv_over_floor,1.003593
A,hrw,1000,0,user,peak_over_mean,1.105000
A,hrw,1000,0,user,min_over_mean,0.897000
A,hrw,1000,0,uuid,cv,0.032722
A,hrw,1000,0,uuid,cv_noise_floor,0.031623
A,hrw,1000,0,uuid,cv_over_floor,1.034774
A,hrw,1000,0,uuid,peak_over_mean,1.118000
A,hrw,1000,0,uuid,min_over_mean,0.901000
A,jump,1000,0,user,cv,0.031132
A,jump,1000,0,user,cv_noise_floor,0.031623
A,jump,1000,0,user,cv_over_floor,0.984479
A,jump,1000,0,user,peak_over_mean,1.099000
A,jump,1000,0,user,min_over_mean,0.900000
A,jump,1000,0,uuid,cv,0.029897
A,jump,1000,0,uuid,cv_noise_floor,0.031623
A,jump,1000,0,uuid,cv_over_floor,0.945422
A,jump,1000,0,uuid,peak_over_mean,1.086000
A,jump,1000,0,uuid,min_over_mean,0.900000
A,maglev,1000,65537,user,cv,0.031944
A,maglev,1000,65537,user,cv_noise_floor,0.031623
A,maglev,1000,65537,user,cv_over_floor,1.010162
A,maglev,1000,65537,user,peak_over_mean,1.095000
A,maglev,1000,65537,user,min_over_mean,0.896000
A,maglev,1000,65537,uuid,cv,0.032931
A,maglev,1000,65537,uuid,cv_noise_floor,0.031623
A,maglev,1000,65537,uuid,cv_over_floor,1.041354
A,maglev,1000,65537,uuid,peak_over_mean,1.095000
A,maglev,1000,65537,uuid,min_over_mean,0.884000
A,maglev,1000,655373,user,cv,0.031525
A,maglev,1000,655373,user,cv_noise_floor,0.031623
A,maglev,1000,655373,user,cv_over_floor,0.996909
A,maglev,1000,655373,user,peak_over_mean,1.103000
A,maglev,1000,655373,user,min_over_mean,0.897000
A,maglev,1000,655373,uuid,cv,0.030925
A,maglev,1000,655373,uuid,cv_noise_floor,0.031623
A,maglev,1000,655373,uuid,cv_over_floor,0.977920
A,maglev,1000,655373,uuid,peak_over_mean,1.089000
A,maglev,1000,655373,uuid,min_over_mean,0.895000
A,slot_table,1000,1024,user,cv,0.152328
A,slot_table,1000,1024,user,cv_noise_floor,0.031623
A,slot_table,1000,1024,user,cv_over_floor,4.817020
A,slot_table,1000,1024,user,peak_over_mean,2.020000
A,slot_table,1000,1024,user,min_over_mean,0.880000
A,slot_table,1000,1024,uuid,cv,0.152497
A,slot_table,1000,1024,uuid,cv_noise_floor,0.031623
A,slot_table,1000,1024,uuid,cv_over_floor,4.822394
A,slot_table,1000,1024,uuid,peak_over_mean,2.018000
A,slot_table,1000,1024,uuid,min_over_mean,0.881000
